{
  "K": [
    [
      800.1095070242759,
      0.0,
      897.337280301394
    ],
    [
      0.0,
      798.2602662519795,
      564.8674356605281
    ],
    [
      0.0,
      0.0,
      1.0
    ]
  ],
  "D": [
    [
      0.4811393167177278
    ],
    [
      0.028828747079481087
    ],
    [
      -6.773100113576036e-05
    ],
    [
      -0.0001801310618186189
    ],
    [
      0.0
    ],
    [
      0.8217756140422504
    ],
    [
      0.11782897377537764
    ],
    [
      0.0014861917482969606
    ],
    [
      0.0
    ],
    [
      0.0
    ],
    [
      0.0
    ],
    [
      0.0
    ],
    [
      0.0
    ],
    [
      0.0
    ]
  ],
  "image_width": 1920,
  "image_height": 1080,
  "square_size_mm": 10.0,
  "marker_size_mm": 7.0,
  "rows": 9,
  "columns": 6,
  "model": "pinhole_charuco"
}