{
    "R_wc": [
        [0.99992192, -0.01166747, -0.00447484],
        [-0.01124731, -0.99635312,  0.08458102],
        [-0.00544537, -0.08452409, -0.99640656]
    ],
    "t_wc": [
        [-0.44398595],
        [-0.77897614],
        [ 6.56109182]
    ],
    "rvec_cw": [
        [3.05687759],
        [-0.01754402],
        [-0.00759512]
    ],
    "tvec_cw": [
        [0.47091748],
        [-0.2267452 ],
        [ 6.60141474]
    ],
    "K": [
        [ 7.98920995e+02, -1.28843689e-01,  8.98567709e+02],
        [ 0.00000000e+00,  7.96466602e+02,  5.64087317e+02],
        [ 0.00000000e+00,  0.00000000e+00,  1.00000000e+00]
    ],
    "D": [
        [-0.00184017],
        [-0.02864993],
        [ 0.02433806],
        [-0.00892792]
    ]
}
